id,name,image,description
7a80e38d-cbd9-4d3a-8c85-a5e48040eb65,Couscous,http://lorempixel.com/320/240,adipiscing lorem vitae mattis nibh ligula nec sem duis aliquam convallis nunc proin at turpis a pede posuere nonummy integer
b523322d-a5bc-4b91-a7f7-b7b69f1a068b,"Turkey - Breast, Smoked",http://lorempixel.com/320/240,diam in magna bibendum imperdiet nullam orci pede venenatis non sodales sed tincidunt eu felis fusce posuere
53b19b87-eeae-4a67-ad2f-059bd5d202a2,Cookies - Englishbay Chochip,http://lorempixel.com/320/240,proin risus praesent lectus vestibulum quam sapien varius ut blandit non interdum
65ab03ae-c749-4744-b7ce-949c8ec9b1ed,Apple - Macintosh,http://lorempixel.com/320/240,non ligula pellentesque ultrices phasellus id sapien in sapien iaculis congue vivamus metus arcu adipiscing molestie hendrerit at vulputate
e1cdba2b-0c6f-46fc-aaec-1a09ea01f348,Squid - Tubes / Tenticles 10/20,http://lorempixel.com/320/240,libero non mattis pulvinar nulla pede ullamcorper augue a suscipit nulla elit ac nulla sed
5d0e5daf-5c1f-4d66-97bf-2d130c39e119,Sugar - Brown,http://lorempixel.com/320/240,donec ut mauris eget massa tempor convallis nulla neque libero convallis eget
7183081e-674e-41fa-b7fc-29da255b54a6,Soupfoamcont12oz 112con,http://lorempixel.com/320/240,maecenas tristique est et tempus semper est quam pharetra magna ac consequat
e1b8f182-c5f6-455d-bdea-95dddf1af009,Gloves - Goldtouch Disposable,http://lorempixel.com/320/240,in sagittis dui vel nisl duis ac nibh fusce lacus purus
b24b89af-2ce2-463f-aa2c-b7e22277a3b6,Gelatine Powder,http://lorempixel.com/320/240,donec diam neque vestibulum eget vulputate ut ultrices vel augue vestibulum ante
46451013-0ab2-43ed-a966-f779aa11422f,Wine - Chateau Bonnet,http://lorempixel.com/320/240,nullam porttitor lacus at turpis donec posuere metus vitae ipsum
7c13e59f-2dca-4f02-83d1-f14221344dc3,Rosemary - Fresh,http://lorempixel.com/320/240,lacinia aenean sit amet justo morbi ut odio cras mi pede
8426cb42-c4f6-414f-97fd-bc73c995f6a9,Oil - Hazelnut,http://lorempixel.com/320/240,sit amet nunc viverra dapibus nulla suscipit ligula in lacus curabitur
90ccba4f-6dcf-4047-8f4c-0b0f97a7e627,Wine - Blue Nun Qualitatswein,http://lorempixel.com/320/240,tempus sit amet sem fusce consequat nulla nisl nunc nisl duis bibendum felis
399992a9-b419-46f2-b3b0-96f9e5ac0574,"Juice - V8, Tomato",http://lorempixel.com/320/240,vivamus tortor duis mattis egestas metus aenean fermentum donec ut
fa4e4ccb-bfef-490b-8eb9-58e60d999ed1,"Wine - Red, Wolf Blass, Yellow",http://lorempixel.com/320/240,luctus rutrum nulla tellus in sagittis dui vel nisl duis ac nibh fusce lacus purus
74a990ec-01ae-419f-8655-9be9a5e948c6,Rosemary - Dry,http://lorempixel.com/320/240,odio donec vitae nisi nam ultrices libero non mattis pulvinar nulla pede ullamcorper augue a
8ee9d241-4eb7-413d-adf5-0dce99f71305,Venison - Racks Frenched,http://lorempixel.com/320/240,interdum mauris non ligula pellentesque ultrices phasellus id sapien in sapien iaculis
be2fcfc7-a9cf-4397-a15a-0dd664c2a6ce,Bread - Olive Dinner Roll,http://lorempixel.com/320/240,eu sapien cursus vestibulum proin eu mi nulla ac enim in tempor
91d5bab8-29e1-41ab-a915-9abf959b2642,Pur Value,http://lorempixel.com/320/240,vestibulum proin eu mi nulla ac enim in tempor turpis nec euismod scelerisque quam
dd93be4b-28f2-4468-9ed0-e24bc4061e96,Wine - Baron De Rothschild,http://lorempixel.com/320/240,mauris lacinia sapien quis libero nullam sit amet turpis elementum ligula vehicula consequat morbi a ipsum
cd4bb916-21f3-470e-ba74-7f66a2e575c2,Soap - Pine Sol Floor Cleaner,http://lorempixel.com/320/240,maecenas ut massa quis augue luctus tincidunt nulla mollis molestie lorem quisque ut erat curabitur gravida nisi at nibh
afd58915-f2a8-4e48-b9ad-6e5bdd037688,Kellogs Raisan Bran Bars,http://lorempixel.com/320/240,sodales sed tincidunt eu felis fusce posuere felis sed lacus
e1080df8-a63b-42da-b919-daa7d3158498,Veal - Nuckle,http://lorempixel.com/320/240,nulla sed vel enim sit amet nunc viverra dapibus nulla suscipit ligula in lacus curabitur at ipsum ac
2cb5f96e-b735-4c4d-a9a9-0c8186b9c7db,Cheese - Wine,http://lorempixel.com/320/240,nibh fusce lacus purus aliquet at feugiat non pretium quis lectus suspendisse potenti in
a291b82f-d599-4dda-b8cc-9c7c389710da,Barley - Pearl,http://lorempixel.com/320/240,venenatis lacinia aenean sit amet justo morbi ut odio cras mi pede malesuada in imperdiet et commodo
51bc0214-c0e4-4582-ac02-ed9603f37f99,Green Scrubbie Pad H.duty,http://lorempixel.com/320/240,habitasse platea dictumst aliquam augue quam sollicitudin vitae consectetuer eget rutrum at lorem integer tincidunt ante vel ipsum
8ba458be-a8e9-471d-bf14-1a692942dfd4,Vaccum Bag 10x13,http://lorempixel.com/320/240,ut nulla sed accumsan felis ut at dolor quis odio consequat varius integer ac leo pellentesque
f5613e5e-43b8-451a-bdc5-0fea52f61966,Cheese Cloth No 100,http://lorempixel.com/320/240,non pretium quis lectus suspendisse potenti in eleifend quam a odio in hac habitasse platea dictumst maecenas
bff5a6ea-af28-49b8-933c-32d7c43ed181,Beets - Golden,http://lorempixel.com/320/240,lectus in est risus auctor sed tristique in tempus sit amet sem
1c4a08d4-273d-4781-8816-97b3a6c479ee,"Wine - Red, Harrow Estates, Cab",http://lorempixel.com/320/240,nisl ut volutpat sapien arcu sed augue aliquam erat volutpat in congue etiam justo etiam pretium iaculis justo in hac
b6f069ae-ac8a-4636-a3cb-99bf1920efff,Chervil - Fresh,http://lorempixel.com/320/240,mauris vulputate elementum nullam varius nulla facilisi cras non velit nec nisi vulputate nonummy
24eb7144-2b9d-4412-b0e2-79cf75b1aca1,Carbonated Water - Strawberry,http://lorempixel.com/320/240,massa id nisl venenatis lacinia aenean sit amet justo morbi ut odio cras mi pede malesuada in imperdiet
7d339b06-64a4-40ac-9a36-ee6742cc2cf8,Liquid Aminios Acid - Braggs,http://lorempixel.com/320/240,aenean lectus pellentesque eget nunc donec quis orci eget orci vehicula condimentum curabitur in libero ut massa volutpat convallis
4602acce-6f21-4721-8922-117c60ec903b,Bagel - 12 Grain Preslice,http://lorempixel.com/320/240,nec molestie sed justo pellentesque viverra pede ac diam cras pellentesque volutpat dui maecenas tristique est et tempus semper
53344b83-e537-4d32-9f5b-8bd5d9df2379,Wine - Lou Black Shiraz,http://lorempixel.com/320/240,commodo vulputate justo in blandit ultrices enim lorem ipsum dolor sit amet consectetuer adipiscing elit proin interdum mauris non
71a49865-cbb5-411c-b417-07fa4332bfb9,"Chocolate - Pistoles, White",http://lorempixel.com/320/240,potenti in eleifend quam a odio in hac habitasse platea dictumst maecenas ut massa quis augue
ffd30e29-0163-490a-8aac-47b8c07f598b,Beef - Ground Lean Fresh,http://lorempixel.com/320/240,fusce consequat nulla nisl nunc nisl duis bibendum felis sed interdum venenatis turpis enim blandit mi
814cf7f0-29a6-4cbb-b3e8-1125dfb509ef,Herb Du Provence - Primerba,http://lorempixel.com/320/240,curabitur convallis duis consequat dui nec nisi volutpat eleifend donec ut dolor morbi
e526cc0d-2405-49bf-8355-a2140709ae7a,"Pasta - Cappellini, Dry",http://lorempixel.com/320/240,mattis pulvinar nulla pede ullamcorper augue a suscipit nulla elit ac nulla sed vel enim sit amet nunc viverra
cdbc092d-d2a3-4126-9f9e-1a91a2d95d84,Puree - Blackcurrant,http://lorempixel.com/320/240,faucibus accumsan odio curabitur convallis duis consequat dui nec nisi volutpat eleifend donec ut dolor morbi vel lectus in
e348b959-2a44-4131-a0a4-38936af2cab4,Onion Powder,http://lorempixel.com/320/240,nulla tellus in sagittis dui vel nisl duis ac nibh fusce lacus purus aliquet at feugiat non pretium quis
4b5b6a15-c842-4890-807c-dec36a1d3119,Table Cloth 54x54 White,http://lorempixel.com/320/240,convallis nulla neque libero convallis eget eleifend luctus ultricies eu nibh quisque id justo sit amet sapien dignissim vestibulum
20d4147d-f285-4b4c-83ff-43287207a700,Sausage - Breakfast,http://lorempixel.com/320/240,maecenas ut massa quis augue luctus tincidunt nulla mollis molestie lorem
37c69ad8-de42-49bd-aaa9-5bd53c0ba75f,Cream - 10%,http://lorempixel.com/320/240,nulla suspendisse potenti cras in purus eu magna vulputate luctus cum sociis natoque penatibus et magnis dis
cb9dc5f8-e392-4baf-a9ab-ba165c274d2e,Wine - Ruffino Chianti Classico,http://lorempixel.com/320/240,quis justo maecenas rhoncus aliquam lacus morbi quis tortor id nulla ultrices aliquet maecenas
dbdcd41f-95f1-49c6-ab30-cf5d5d0f75d8,"Capon - Breast, Double, Wing On",http://lorempixel.com/320/240,est et tempus semper est quam pharetra magna ac consequat metus sapien ut nunc vestibulum ante ipsum primis
98f94974-8ef1-475f-b83c-00b2142dbee6,"Soup - Campbells, Spinach Crm",http://lorempixel.com/320/240,nulla dapibus dolor vel est donec odio justo sollicitudin ut suscipit a feugiat et eros vestibulum
0e0f9147-2f86-4ea3-918d-371e0ac6e265,"Pork - Loin, Center Cut",http://lorempixel.com/320/240,bibendum imperdiet nullam orci pede venenatis non sodales sed tincidunt
5c1ad33d-5c3a-4c63-94ff-badff91bc151,Pectin,http://lorempixel.com/320/240,turpis integer aliquet massa id lobortis convallis tortor risus dapibus
bb9de9b7-e0e5-4cd9-8bc1-217e47113657,Tomatoes Tear Drop Yellow,http://lorempixel.com/320/240,augue vestibulum ante ipsum primis in faucibus orci luctus et ultrices posuere cubilia curae donec pharetra
2538728e-6684-4f17-81ad-f0f1c708e210,Wild Boar - Tenderloin,http://lorempixel.com/320/240,porta volutpat quam pede lobortis ligula sit amet eleifend pede libero
6a36023f-5fa3-4994-9306-223376598a52,"Sprite, Diet - 355ml",http://lorempixel.com/320/240,nam congue risus semper porta volutpat quam pede lobortis ligula sit amet eleifend pede libero quis orci nullam molestie
dded8fb7-9740-4e24-acd6-9c5294a8fdfa,Salmon - Fillets,http://lorempixel.com/320/240,pede venenatis non sodales sed tincidunt eu felis fusce posuere felis sed lacus morbi sem mauris
4a826d19-21e2-4630-9fd8-4406c32b6ec1,Cookie Choc,http://lorempixel.com/320/240,sagittis sapien cum sociis natoque penatibus et magnis dis parturient montes nascetur ridiculus mus etiam vel
b3bfc76c-e027-4030-a456-291b92dfee48,Soup - Campbells Bean Medley,http://lorempixel.com/320/240,diam vitae quam suspendisse potenti nullam porttitor lacus at turpis
96c43d31-6d0a-4049-98f0-52dda57eb246,Salt And Pepper Mix - Black,http://lorempixel.com/320/240,integer ac neque duis bibendum morbi non quam nec dui luctus rutrum nulla tellus in sagittis dui
b8b16d2c-d76e-483d-9fa9-d8def0b0595c,Cheese - Montery Jack,http://lorempixel.com/320/240,sed interdum venenatis turpis enim blandit mi in porttitor pede justo eu massa donec dapibus duis at velit
34556bac-9c73-4906-8782-109c1c55f8d8,Quail - Jumbo Boneless,http://lorempixel.com/320/240,morbi ut odio cras mi pede malesuada in imperdiet et commodo vulputate justo in
2a3be572-a0b5-4467-b0b6-1a424b1c4973,Ostrich - Fan Fillet,http://lorempixel.com/320/240,scelerisque mauris sit amet eros suspendisse accumsan tortor quis turpis sed ante vivamus tortor duis mattis egestas metus aenean
edcca25c-ae52-4c5e-a37d-a9e806fe72ff,"Juice - Apple, 1.36l",http://lorempixel.com/320/240,tortor risus dapibus augue vel accumsan tellus nisi eu orci
818cfb5b-d0b8-4490-a22d-8df7c9ff5e4b,"Salmon - Atlantic, Skin On",http://lorempixel.com/320/240,quam suspendisse potenti nullam porttitor lacus at turpis donec posuere
82ca7748-2864-4369-8135-113df10ba81a,Fennel - Seeds,http://lorempixel.com/320/240,et ultrices posuere cubilia curae nulla dapibus dolor vel est donec odio justo sollicitudin ut
80af5fd4-1915-4723-beab-1e69787442db,Sultanas,http://lorempixel.com/320/240,morbi vestibulum velit id pretium iaculis diam erat fermentum justo nec condimentum neque sapien placerat
9513dbaf-81c8-4235-a691-a1230640c291,Puree - Kiwi,http://lorempixel.com/320/240,ipsum dolor sit amet consectetuer adipiscing elit proin risus praesent lectus vestibulum quam sapien varius ut blandit non
936edd74-7049-47ac-b6e6-5b7032acd545,Longos - Grilled Chicken With,http://lorempixel.com/320/240,odio justo sollicitudin ut suscipit a feugiat et eros vestibulum ac est lacinia nisi venenatis
0e9e7e51-1c90-4b02-b3d3-e0366a608f27,Yeast Dry - Fleischman,http://lorempixel.com/320/240,mi in porttitor pede justo eu massa donec dapibus duis at
3ca6aa0c-160c-4720-8731-45f32a358b20,Hot Chocolate - Individual,http://lorempixel.com/320/240,lacus morbi quis tortor id nulla ultrices aliquet maecenas leo odio condimentum id luctus nec molestie sed
f82b8019-0fb9-4f8c-8549-8417b11ddb7b,V8 - Berry Blend,http://lorempixel.com/320/240,tempor turpis nec euismod scelerisque quam turpis adipiscing lorem vitae mattis nibh ligula nec sem duis aliquam convallis nunc
2b82f432-98a3-48f7-97e4-f6b8ae772d91,Worcestershire Sauce,http://lorempixel.com/320/240,posuere cubilia curae donec pharetra magna vestibulum aliquet ultrices erat tortor sollicitudin mi sit amet lobortis sapien sapien
ce9b2f31-2695-4345-9dc3-ce2da6aceab9,Bar Energy Chocchip,http://lorempixel.com/320/240,suspendisse potenti nullam porttitor lacus at turpis donec posuere metus vitae ipsum aliquam non mauris morbi non lectus
df7ca47b-24a6-419d-85ec-4754d3c0e7b9,Flower - Commercial Bronze,http://lorempixel.com/320/240,nisi volutpat eleifend donec ut dolor morbi vel lectus in
e40b08e9-e4fa-4b56-88b0-6c6ab5223cfb,Beef - Cow Feet Split,http://lorempixel.com/320/240,in imperdiet et commodo vulputate justo in blandit ultrices enim lorem ipsum dolor sit amet consectetuer adipiscing elit proin interdum
a6e8a174-13ae-4f98-b682-c5dea9318a0e,Carbonated Water - Cherry,http://lorempixel.com/320/240,metus sapien ut nunc vestibulum ante ipsum primis in faucibus orci
4d742e06-3d45-4f1c-94e2-421bbbad0459,Veal - Ground,http://lorempixel.com/320/240,vestibulum ante ipsum primis in faucibus orci luctus et ultrices posuere cubilia curae mauris viverra diam
3cb4549d-a5cf-4ccd-a695-e56e73f8f89b,Cheese - Pont Couvert,http://lorempixel.com/320/240,quam sapien varius ut blandit non interdum in ante vestibulum ante ipsum primis in faucibus orci luctus et
96917286-5efb-4dfe-8fdd-a55dcc16389f,Mahi Mahi,http://lorempixel.com/320/240,non pretium quis lectus suspendisse potenti in eleifend quam a odio in hac habitasse platea dictumst maecenas ut massa
d31521ce-e8e9-47e8-b7e8-ed4be061b42a,Wine - Magnotta - Bel Paese White,http://lorempixel.com/320/240,augue luctus tincidunt nulla mollis molestie lorem quisque ut erat curabitur
6ad6b7ee-7c3d-49ae-bc22-8b3dbb0e7fc5,"Pasta - Lasagna, Dry",http://lorempixel.com/320/240,vestibulum velit id pretium iaculis diam erat fermentum justo nec condimentum neque
88174f16-dc2d-4ca1-ab1c-a3f2dbd2a45e,Chives - Fresh,http://lorempixel.com/320/240,nonummy integer non velit donec diam neque vestibulum eget vulputate ut ultrices vel augue vestibulum ante ipsum primis
c24aae00-cc2d-4fef-858d-adc566e1d00a,Cheese - Asiago,http://lorempixel.com/320/240,aenean lectus pellentesque eget nunc donec quis orci eget orci vehicula condimentum curabitur in libero ut massa volutpat
dcf8bd4d-99ad-4801-b5e9-6935fe513da8,Edible Flower - Mixed,http://lorempixel.com/320/240,curae mauris viverra diam vitae quam suspendisse potenti nullam porttitor lacus at
1987e501-73d1-43d7-9cb8-f413a6486da4,Lobster - Base,http://lorempixel.com/320/240,id consequat in consequat ut nulla sed accumsan felis ut at dolor quis odio
838db0d9-d743-4469-bbd0-5db1f20ace31,Chocolate - Dark Callets,http://lorempixel.com/320/240,interdum venenatis turpis enim blandit mi in porttitor pede justo eu massa donec dapibus duis at velit eu est congue
63da0e00-4781-4667-91bc-c34c3cfd7e7c,"Mushroom - Oyster, Fresh",http://lorempixel.com/320/240,elit proin interdum mauris non ligula pellentesque ultrices phasellus id sapien in sapien iaculis congue vivamus metus arcu adipiscing molestie
b508d9d1-8686-4c08-a218-9a3b465036f9,Sandwich Wrap,http://lorempixel.com/320/240,sit amet nulla quisque arcu libero rutrum ac lobortis vel
026a152c-e547-4d65-8915-dcd399dcbab3,Appetizer - Lobster Phyllo Roll,http://lorempixel.com/320/240,rhoncus aliquet pulvinar sed nisl nunc rhoncus dui vel sem sed
02d8ed15-2771-4990-aa8e-83143b06c016,Coffee - Dark Roast,http://lorempixel.com/320/240,nibh fusce lacus purus aliquet at feugiat non pretium quis
80431ca1-7d97-4b98-bfbe-a81c14a0196f,Halibut - Fletches,http://lorempixel.com/320/240,non velit donec diam neque vestibulum eget vulputate ut ultrices vel augue vestibulum ante ipsum primis in
e93e19e7-223a-4f1a-8b38-bf6a72099980,Rosemary - Fresh,http://lorempixel.com/320/240,sapien cursus vestibulum proin eu mi nulla ac enim in tempor turpis nec euismod scelerisque quam
aa8c8931-ed9f-4e05-b31b-2bfe78fa4e5b,"Bread - Bagels, Mini",http://lorempixel.com/320/240,adipiscing elit proin interdum mauris non ligula pellentesque ultrices phasellus id sapien in sapien iaculis congue vivamus
d472e90e-1568-4760-9e2d-16df7be9e49a,Wine - Zinfandel California 2002,http://lorempixel.com/320/240,nullam orci pede venenatis non sodales sed tincidunt eu felis fusce posuere felis sed lacus
0a5a73b5-7616-4d39-a1f2-9aba88fd37b8,Pastry - Chocolate Marble Tea,http://lorempixel.com/320/240,tristique est et tempus semper est quam pharetra magna ac consequat metus sapien ut nunc vestibulum ante
e75c3dd3-9f43-4e89-b242-68ce1d263009,Easy Off Oven Cleaner,http://lorempixel.com/320/240,consectetuer eget rutrum at lorem integer tincidunt ante vel ipsum praesent blandit lacinia erat vestibulum sed magna at
78484f1d-9511-4869-b838-b1beaba1a4b8,"Beets - Candy Cane, Organic",http://lorempixel.com/320/240,nulla ut erat id mauris vulputate elementum nullam varius nulla facilisi cras non velit nec nisi vulputate nonummy maecenas tincidunt
5b950171-1609-41ac-b2b3-548857e836f9,Soup - Campbells - Chicken Noodle,http://lorempixel.com/320/240,vestibulum sagittis sapien cum sociis natoque penatibus et magnis dis parturient montes nascetur ridiculus mus
4068351b-71d9-459b-9353-7237c9beb107,Cornflakes,http://lorempixel.com/320/240,eu massa donec dapibus duis at velit eu est congue elementum in hac habitasse platea dictumst morbi vestibulum velit
42829f01-ceed-439c-83b1-40f94b118867,Chocolate - Semi Sweet,http://lorempixel.com/320/240,ultrices posuere cubilia curae nulla dapibus dolor vel est donec odio justo sollicitudin ut suscipit a feugiat et eros
c3a70554-d7f2-483f-80ac-0fb66390096c,Fireball Whisky,http://lorempixel.com/320/240,est donec odio justo sollicitudin ut suscipit a feugiat et eros vestibulum ac est lacinia nisi venenatis tristique fusce
1ed7fa5e-d4ad-49da-bf2f-071603a62d30,Barley - Pearl,http://lorempixel.com/320/240,scelerisque quam turpis adipiscing lorem vitae mattis nibh ligula nec sem duis aliquam convallis nunc proin at turpis a
bce29115-c556-409c-a305-ae1e6b6ebcbe,Sausage - Breakfast,http://lorempixel.com/320/240,at vulputate vitae nisl aenean lectus pellentesque eget nunc donec quis orci eget orci vehicula condimentum curabitur
